issueTitle,sectionTitle,sectionAbbrev,authors,articleTitle,year,datePublished,volume,issue,startPage,endPage,articleAbstract,galleyLabel,authorEmail,fileName,keywords
"Vol 10: International Kimberlite Conference, Bangalore",Extended Abstracts,ABS,"Ustinov, V.N.",Diamond-bearing terrigenous rocks: key role in prediction and exploration of buried deposits,2012,2012-02-06,10,,,,,PDF,ojshelp@ualberta.ca,10IKC-21_Ustinov.pdf,
"Vol 10: International Kimberlite Conference, Bangalore",Extended Abstracts,ABS,"Howarth, G.H.;Skinner, E.M.W.","Sub-volcanic development of embryonic kimberlite pipes: evidence from the Lace and Voorspoed Group II kimberlites, South Africa",2012,2012-02-06,10,,,,,PDF,ojshelp@ualberta.ca,10IKC-22_Howarth.pdf,
"Vol 10: International Kimberlite Conference, Bangalore",Extended Abstracts,ABS,"Dawson, J.B.;Lock, N.P.",Contrasting peridotite xenolith suites from the Letseng kimberlites: inferences for the Lesotho mantle,2012,2012-02-06,10,,,,,PDF,ojshelp@ualberta.ca,10IKC-24_Dawson.pdf,
"Vol 10: International Kimberlite Conference, Bangalore",Extended Abstracts,ABS,"Pokhilenko, L.N.;Alifirova, T.A.",The alkaline minerals from the mantle xenoliths of kimberlite pipes of Yakutia,2012,2012-02-06,10,,,,,PDF,ojshelp@ualberta.ca,10IKC-28_PokhilenkoLN28.pdf,
"Vol 10: International Kimberlite Conference, Bangalore",Extended Abstracts,ABS,"Fowler, J.A.;Biscaye, E.;Metatawabin, S.H.A.",Diamond mining and sustainability at De Beers’ Canadian mines,2012,2012-02-06,10,,,,,PDF,ojshelp@ualberta.ca,10IKC-29_Fowler.pdf,
"Vol 10: International Kimberlite Conference, Bangalore",Extended Abstracts,ABS,"Marshall, T.R.",Evaluation and valuation of alluvial diamond deposits,2012,2012-02-06,10,,,,,PDF,ojshelp@ualberta.ca,10IKC-30_Tania.pdf,
"Vol 10: International Kimberlite Conference, Bangalore",Extended Abstracts,ABS,"Muntener, C.;Scott-Smith, B.H.","Economic geology of Renard 3, Quebec, Canada: a diamondiferous, multi-phase pipe infilled with hypabyssal and tuffisitic kimberlite",2012,2012-02-06,10,,,,,PDF,ojshelp@ualberta.ca,10IKC-31_Muntener.pdf,
"Vol 10: International Kimberlite Conference, Bangalore",Extended Abstracts,ABS,"Sahu, N.;Gupta, T.Patel, S.C.;Khuntia, D.B.K.;Thakur, S.S.;Das, S.K.","Petrology of lamproites from the Nuapada lamproite field, Bastar craton, India",2012,2012-02-06,10,,,,,PDF,ojshelp@ualberta.ca,10IKC-32_Sahu.pdf,
"Vol 10: International Kimberlite Conference, Bangalore",Extended Abstracts,ABS,"Tretyachenko, V.V.;Bovkun, A.V.;Garanin, K.V.;Garanin, V.K.;Tretyachenko, N.G.","Formation features of the early-Hercynic alkaline-ultrabasic and basic volvanic complexes and diamondiferous criteria of the kimberlites from Zimny Bereg area (north-west of Archangelsk region, Russia)",2012,2012-02-06,10,,,,,PDF,ojshelp@ualberta.ca,10IKC-33_Tretyachenko.pdf,
"Vol 10: International Kimberlite Conference, Bangalore",Extended Abstracts,ABS,"Skinner, W.M.E.","A geological model of the Kao kimberlites, Lesotho, based on the petrography of limited samples",2012,2012-02-06,10,,,,,PDF,ojshelp@ualberta.ca,10IKC-34_Michael-Skinner.pdf,
"Vol 10: International Kimberlite Conference, Bangalore",Extended Abstracts,ABS,"Smith, C.B.;Bulanova, G.P.;Presser, J.L.B.","Diamonds from Capiibary, Paraguay",2012,2012-02-06,10,,,,,PDF,ojshelp@ualberta.ca,10IKC-36_Smith.pdf,
"Vol 10: International Kimberlite Conference, Bangalore",Extended Abstracts,ABS,"Patel, S.C.;Ravi, S.;Thakur, S.S.",MARID-type xenoliths in Proterozoic kimberlites from southern India: implications on mantle metasomatism,2012,2012-02-06,10,,,,,PDF,ojshelp@ualberta.ca,10IKC-37_Patel.pdf,
"Vol 10: International Kimberlite Conference, Bangalore",Extended Abstracts,ABS,"Aulbach, S.;Stachel, T.;Heaman, L.M.;Creaser, R.A.;Seitz, H.M.;Shirey, S.B.",Diamond formation in the slab and mantle wedge: examples from the Slave craton,2012,2012-02-06,10,,,,,PDF,ojshelp@ualberta.ca,10IKC-38_Aulbach.pdf,
"Vol 10: International Kimberlite Conference, Bangalore",Extended Abstracts,ABS,"Pell, J.;Grütter, H.;Grenon, H.;Dempsey, S.;Neilson, S.","Exploration and discovery of the Chidliak kimberlite province, Baffin Island, Nunavut: Canada’s newest diamond district",2012,2012-02-06,10,,,,,PDF,ojshelp@ualberta.ca,10IKC-40_Pell.pdf,
"Vol 10: International Kimberlite Conference, Bangalore",Extended Abstracts,ABS,"Jelsma, H.;Krishnan, U.;Perritt, S.;Preston, R.;Winter, F.;Lemotlo, L.;van der Linde, G.;Armstrong, R.;Philips, D.;Joy, S.;Costa, J.;Facatino, M.;Posser, A.;Kumar, M.;Wallace, C.;Chinn, I.;Henning, A.",Kmberlite from central Angola: a case study of exploration findings,2012,2012-02-06,10,,,,,PDF,ojshelp@ualberta.ca,10IKC-42_Jelsma.pdf,
"Vol 10: International Kimberlite Conference, Bangalore",Extended Abstracts,ABS,"Agashev, A.M.;Ionov, D.;Pokhilenko, N.P.;Golovin, A.V.;Surgutanova, E.A.;Sharygin, I.S.",Metasomatism in cratonic mantle root: insight from geochemistry of deformed peridotite xenoliths of Udachnaya pipe,2012,2012-02-06,10,,,,,PDF,ojshelp@ualberta.ca,10IKC-44_Agashev.pdf,
"Vol 10: International Kimberlite Conference, Bangalore",Extended Abstracts,ABS,"Suryanarayana Rao, K.V.;Kumar, C.;Kumar, A.;Nandish, V.;Swamy, R.T.","Lamproites from the eastern margin of the Bhandara craton, Orissa, India: an exploration case study",2012,2012-02-06,10,,,,,PDF,ojshelp@ualberta.ca,10IKC-45_Surayanraya.pdf,
"Vol 10: International Kimberlite Conference, Bangalore",Extended Abstracts,ABS,"Shchukina, E.V.;Malkovets, N.G.;Golovin, N.N.;Pokhilenko, N.P.","Peridotitic mantle section beneath V.Grib kimberlite pipe (Arkhangelsk region, Russia): mineralogical composition, P-T conditions, metasomatism",2012,2012-02-06,10,,,,,PDF,ojshelp@ualberta.ca,10IKC-46_Shchukina.pdf,
"Vol 10: International Kimberlite Conference, Bangalore",Extended Abstracts,ABS,"Tappe, S.;Nowell, G.M.;Kurszlaukis, S.;Kjarsgaard, B.A.","Large igneous provinces and kimberlites? Origin of the diamondiferous amon kimberlites, Baffin Island, Arctic Canada",2012,2012-02-06,10,,,,,PDF,ojshelp@ualberta.ca,10IKC-47_Tappe.pdf,
"Vol 10: International Kimberlite Conference, Bangalore",Extended Abstracts,ABS,"Alifirova, T.A.;Pokhilenko, L.N.;Malkovets, V.G.;Griffin, W.L.",Petrological inferences for the role of exsolution in upper mantle: evidence from the Yakutian kimberlite xenoliths,2012,2012-02-06,10,,,,,PDF,ojshelp@ualberta.ca,10IKC-48_Alifirova_updated.pdf,
"Vol 10: International Kimberlite Conference, Bangalore",Extended Abstracts,ABS,"Yakovlev, D.A.;Kostrovitsky, S.I.;Suvorova, L.F.",Typomorphic features of groundmass minerals from diamondiferous kimberlites of Yakutia,2012,2012-02-06,10,,,,,PDF,ojshelp@ualberta.ca,10IKC-49_Yakovlev.pdf,
"Vol 10: International Kimberlite Conference, Bangalore",Extended Abstracts,ABS,"Khachatryan, G.K.;Kaminsky, F.V.;Anashkina, N.E.",FTIR microscope analysis of diamond and indicator minerals as a new tool in prospecting for diamond deposits,2012,2012-02-06,10,,,,,PDF,ojshelp@ualberta.ca,10IKC-50_Khackatryan.pdf,
"Vol 10: International Kimberlite Conference, Bangalore",Extended Abstracts,ABS,"Spetsius, Z.V.;Kovalchuck, O.E.;Bogush, I.N.",Properties of diamonds in xenoliths from kimberlites of Yakutia: implication to their origin and exploration,2012,2012-02-06,10,,,,,PDF,ojshelp@ualberta.ca,10IKC-51_Spetsuis.pdf,
"Vol 10: International Kimberlite Conference, Bangalore",Extended Abstracts,ABS,"Mainkar, D.;Gupta, T.;Patel, S.C.;Lehmann, B.;Diwan, P.;Kaminsky, F.V.;Khachatryan, G.K.","Physical and infrared characteristics of diamonds from behradih kimberlite, Bastar craton, India",2012,2012-02-06,10,,,,,PDF,ojshelp@ualberta.ca,10IKC-52_Mainkar.pdf,
"Vol 10: International Kimberlite Conference, Bangalore",Extended Abstracts,ABS,"Pokhilenko, N.P.;Afanasiev, V.P.;McDonald, J.A.;Vavilov, M.A.;Kuligin, S.S.;Pokhilenko, N.L.;Golovin, A.V.;Agashev, A.M.","Kimberlite indicator minerals in terrigene sediments of lower part of Mackenzie River Basin, NWT, Canada: evidence of new craton with thick lithosphere",2012,2012-02-06,10,,,,,PDF,ojshelp@ualberta.ca,10IKC-53Pokhilenko.pdf,
"Vol 10: International Kimberlite Conference, Bangalore",Extended Abstracts,ABS,"Pokhilenko, L.N.;Alifirova, T.A.;Yudin, D.S.",40Ar/39Ar dating of phlogopite of mantle xenoliths from kimberlite pipes of Yakutia: evidence for deep ancient metasomatism of the Siberian platform,2012,2012-02-06,10,,,,,PDF,ojshelp@ualberta.ca,10IKC-57-Pokhilenko.pdf,
"Vol 10: International Kimberlite Conference, Bangalore",Extended Abstracts,ABS,"Januszczak, N.;Seller, M.H.;Kurszlaukis, S.;Murphy, C.;Delgaty, J.;Tappe, S.;Ali, K.;Zhu, J.;Ellemers, P.","A multidisciplinary approach to the Attawapiskat kimberlite field, Canada: accelerating the discovery to production pipeline",2012,2012-02-06,10,,,,,PDF,ojshelp@ualberta.ca,10IKC-58_Januszczak.pdf,
"Vol 10: International Kimberlite Conference, Bangalore",Extended Abstracts,ABS,"Kahoui, M.;Kaminsky, F.V.;Griffin, W.L.;Belousova, E.;Mahdjoub, Y.;Chabane, M.","Pyrope garnet from the El Kseibat area, Algeria and lithosphere beneath the north-eastern part of the west African craton",2012,2012-02-06,10,,,,,PDF,ojshelp@ualberta.ca,10IKC-61_Khoui.pdf,
"Vol 10: International Kimberlite Conference, Bangalore",Extended Abstracts,ABS,"Pivin, M.;Debaille, V.;Mattielli, N.;Demaiffe, D.","Nd-Hf isotope systematics of megacrysts from the Mbuji-Mayi kimberlites, D.R.Congo: implications for the composition of the cratonic lithospheric mantle",2012,2012-02-06,10,,,,,PDF,ojshelp@ualberta.ca,10IKC-64_Pivin.pdf,
"Vol 10: International Kimberlite Conference, Bangalore",Extended Abstracts,ABS,"Kriulina, G.Y.;Vasiliev, E.A.;Garanin, V.K.;Garanin, K.V.",Diamonds structural characteristics from different petrochemical types of kimberlites,2012,2012-02-06,10,,,,,PDF,ojshelp@ualberta.ca,10IKC-65_Kriulina.pdf,
"Vol 10: International Kimberlite Conference, Bangalore",Extended Abstracts,ABS,"Patterson, M.V.;Francis, D.",The carbonatitic character of kimberlite magma,2012,2012-02-06,10,,,,,PDF,ojshelp@ualberta.ca,10IKC-66_Patterson.pdf,
"Vol 10: International Kimberlite Conference, Bangalore",Extended Abstracts,ABS,"Lyukhin, A.M.",The way of the diamond placers of south-western Africa came into being,2012,2012-02-06,10,,,,,PDF,ojshelp@ualberta.ca,10IKC-67_Lyukhin.pdf,
"Vol 10: International Kimberlite Conference, Bangalore",Extended Abstracts,ABS,"Palot, M.;Pearson, D.G.;Stern, R.;Stachel, T.;Harris, J.W.","Multiple growth events, processes and fluid sources involved in the growth of diamonds from Finsch mine, RSA: a micro-analytical study",2012,2012-02-06,10,,,,,PDF,ojshelp@ualberta.ca,10IKC-68_Palot.pdf,
"Vol 10: International Kimberlite Conference, Bangalore",Extended Abstracts,ABS,"Garanin, V.K.;Anashkin, S.M.;Bovkun, A.V.;Jelsma, H.;Shmakov, I.I.;Garanin, K.V.","Groundmass microcrystalline oxides from the Marsfontein pipe (Republic of South Africa), Catoca, Camachia and others Angolan kimberlite pipes",2012,2012-02-06,10,,,,,PDF,ojshelp@ualberta.ca,10IKC-69_Garanin.pdf,
"Vol 10: International Kimberlite Conference, Bangalore",Extended Abstracts,ABS,"Smit, K.V.;Stachel, T.;Seller, M.",Constraints on composition of possible diamondbearing lithosphere as sampled by the Victor kimberlite,2012,2012-02-06,10,,,,,PDF,ojshelp@ualberta.ca,10IKC-70_Smit.pdf,
"Vol 10: International Kimberlite Conference, Bangalore",Extended Abstracts,ABS,"Davies, R.;Davies, A.W.","Kimberlite indicator minerals and “laterite”, Canadian arctic",2012,2012-02-06,10,,,,,PDF,ojshelp@ualberta.ca,10IKC-71_Davies.pdf,
"Vol 10: International Kimberlite Conference, Bangalore",Extended Abstracts,ABS,"Sarkar, C.;Storey, C.D.;Hawkesworth, C.J.;Sparks, R.S.J.",Trace element and isotope geochemistry of perovskite from kimberlites of southern Africa,2012,2012-02-06,10,,,,,PDF,ojshelp@ualberta.ca,10IKC-72_Sarkar.pdf,
"Vol 10: International Kimberlite Conference, Bangalore",Extended Abstracts,ABS,"Yaxley, G.M.;Berry, A.J.;Kamenetsky, V.S.;Woodland, A.B.;Paterson, D.;de Jonge, M.D.;Howard, D.L.",Application of Fe K-edge XANES determinations of Fe3+/?Fe in garnet to peridotite xenoliths from the Udachnaya kimberlite,2012,2012-02-06,10,,,,,PDF,ojshelp@ualberta.ca,10IKC-74_Yaxley.pdf,
"Vol 10: International Kimberlite Conference, Bangalore",Extended Abstracts,ABS,"Helmstaedt, H.H.",Tectonic relationships between cratonic and ultra-high pressure (UHP) diamond – implications for craton formation and stabilization,2012,2012-02-06,10,,,,,PDF,ojshelp@ualberta.ca,10IKC-078_Helmstaedt.pdf,
"Vol 10: International Kimberlite Conference, Bangalore",Extended Abstracts,ABS,"Kupsch, B.G.;Armstrong, J.P.","Exploration and geology of the Qilalugaq kimberlites, Rae isthmus, Nunavut, Canada",2012,2012-02-06,10,,,,,PDF,ojshelp@ualberta.ca,10IKC-79_Kupsch.pdf,
"Vol 10: International Kimberlite Conference, Bangalore",Extended Abstracts,ABS,"Kiseeva, E.S.;Litasov, K.D.;Yaxley, G.M.;Ohtani, E.;Kamenetsky, V.S.",Phase relations of eclogite + 4.4% CO2 at 9-21 GPa: implications for diamond formation in the deep mantle,2012,2012-02-06,10,,,,,PDF,ojshelp@ualberta.ca,10IKC-81_Kiseva.pdf,
"Vol 10: International Kimberlite Conference, Bangalore",Extended Abstracts,ABS,"Kostrovitsky, S.I.;Kopylova, M.G.;Egorov, K.N.;Yakovlev, D.A.;Kalashnikova, T.V.;Sandimirova, G.P.","The ""exceptionally fresh"" Udachanaya-east kimberlite: evidence for brine and evaporite contamination",2012,2012-02-06,10,,,,,PDF,ojshelp@ualberta.ca,10IKC-84_Kostrovitsky.pdf,
"Vol 10: International Kimberlite Conference, Bangalore",Extended Abstracts,ABS,"Solov’eva, L.V.;Kostrovitsky, S.I.;Yasnygina, T.A.",Fluid and magma transfer in subcontinental lithospheric mantle of the Siberian craton and its geochemical evolution,2012,2012-02-06,10,,,,,PDF,ojshelp@ualberta.ca,10IKC-85_Soloeva_LV.pdf,
"Vol 10: International Kimberlite Conference, Bangalore",Extended Abstracts,ABS,"Weiss, Y.;Griffin, W.L.;Bell, D.R.;Navon, O.","High-Mg carbonatitic HDFS, kimberlites and the SCLM",2012,2012-02-06,10,,,,,PDF,ojshelp@ualberta.ca,10IKC-87_Weiss.pdf,
"Vol 10: International Kimberlite Conference, Bangalore",Extended Abstracts,ABS,"Kostrovitsky, S.I.;Gornova, M.A.;Solovyeva, L.V.;Yakovlev, D.A.",Isotope heterogeneity from oxygen in rocks of lithosphere mantle,2012,2012-02-06,10,,,,,PDF,ojshelp@ualberta.ca,10IKC-89_Kostrovitsky.pdf,
"Vol 10: International Kimberlite Conference, Bangalore",Extended Abstracts,ABS,"van der Meer, Q.H.A.;Mlaver, K.;Reisberg, L.;Davies, G.R.",The age and origin of the Limpopo (South Africa) subcontinental lithospheric mantle,2012,2012-02-06,10,,,,,PDF,ojshelp@ualberta.ca,10IKC-90_QHAVander.pdf,
"Vol 10: International Kimberlite Conference, Bangalore",Extended Abstracts,ABS,"Golovin, A.V.;Sharygin, I.S.;Korsakov, A.V.;Pokhilenko, N.P.",Can be parental kimberlite melts alkali-carbonate liquids: results investigations composition melt inclusions in mantle xenoliths from kimberlites,2012,2012-02-06,10,,,,,PDF,ojshelp@ualberta.ca,10IKC-91_Golovin.pdf,
"Vol 10: International Kimberlite Conference, Bangalore",Extended Abstracts,ABS,"Mitchell, R.G.",Oxygen isotope studies of serpentine in kimberlite,2012,2012-02-06,10,,,,,PDF,ojshelp@ualberta.ca,10IKC-93_Mitchell.pdf,
"Vol 10: International Kimberlite Conference, Bangalore",Extended Abstracts,ABS,"Mitchell, R.H.;Scott Smith, B.H.;Skinner, E.M.W.","Mineralogy of magmaclasts and interclast matrices of kimberley-type pyroclastic kimberlites from the Kao, Letseng-la-Terae, Lethlakane and Premier kimberlite pipes in southern Africa",2012,2012-02-06,10,,,,,PDF,ojshelp@ualberta.ca,10IKC-94_Mitchell_poster.pdf,
"Vol 10: International Kimberlite Conference, Bangalore",Extended Abstracts,ABS,"Zhang, Z.;Fedortchouk, Y.",Mantle-derived morphologies of diamond: records of diamond-destroying mantle metasomatism,2012,2012-02-06,10,,,,,PDF,ojshelp@ualberta.ca,10IKC-95_Zhang.pdf,
"Vol 10: International Kimberlite Conference, Bangalore",Extended Abstracts,ABS,"Skvortsova, V.L.;Petrovsky, V.A.;Kriulina, G.Y.",“Shells” (imprints) of diamond in kimberlite,2012,2012-02-06,10,,,,,PDF,ojshelp@ualberta.ca,10IKC-96_Skvortsova.pdf,
"Vol 10: International Kimberlite Conference, Bangalore",Extended Abstracts,ABS,"Smith, C.B.;Bulanova, G.P.;Walter, M.J.;Kohn, S.C.;Mikhail, S.;Gobbo, L.","Origin of diamonds from the Dachine ultramafic, French Guyana",2012,2012-02-06,10,,,,,PDF,ojshelp@ualberta.ca,10IKC-97_Smith.pdf,
"Vol 10: International Kimberlite Conference, Bangalore",Extended Abstracts,ABS,"Porritt, L.A.;Russell, J.K.;McLean, H.;Fomradas, G.;Eichenberg, D.","Geology and volcanology of the A418 kimberlite pipe, NWT, Canada",2012,2012-02-06,10,,,,,PDF,ojshelp@ualberta.ca,10IKC-99_Porritt.pdf,
"Vol 10: International Kimberlite Conference, Bangalore",Extended Abstracts,ABS,"Smith, E.M.;Kopylova, M.G.;Nowell, G.M.;Pearson, D.G.;Ryder, J.;Afanasiev, V.P.",The contrast in trace element chemistry and volatile composition between fluid inclusions in fibrous and octahedral diamonds,2012,2012-02-06,10,,,,,PDF,ojshelp@ualberta.ca,10IKC-102_Smith.pdf,
"Vol 10: International Kimberlite Conference, Bangalore",Extended Abstracts,ABS,"Grütter, H.S.;Gerdes, A.;Marko, L.;Heaman, L.M.","U-Pb geochronology of perovskite and zircon from the Chigicherla kimberlites, Anantapur district, India",2012,2012-02-06,10,,,,,PDF,ojshelp@ualberta.ca,10IKC-103_Grutter.pdf,
"Vol 10: International Kimberlite Conference, Bangalore",Extended Abstracts,ABS,"Phillips, D.;Clarke, W.;Jaques, A.L.",New 40Ar/39Ar ages for the West Kimberley lamproites and implications for Australian plate geodynamics,2012,2012-02-06,10,,,,,PDF,ojshelp@ualberta.ca,10IKC-104_Philips.pdf,
"Vol 10: International Kimberlite Conference, Bangalore",Extended Abstracts,ABS,"Phillips, D.;Giuliani, A.;Jelsma, H.;Joy, S.",40Ar/39Ar analyses of kelyphite: a new approach for dating kimberlites and related rocks,2012,2012-02-06,10,,,,,PDF,ojshelp@ualberta.ca,10IKC-107_Philips.pdf,
"Vol 10: International Kimberlite Conference, Bangalore",Extended Abstracts,ABS,"Giuliani, A.;Kamenetsky, V.S.;Phillips, D.;Wyatt, B.A.;Hutchinson, G.",Alkali-carbonate fluids in the lithospheric mantle,2012,2012-02-06,10,,,,,PDF,ojshelp@ualberta.ca,10IKC-110_Giuliani.pdf,
"Vol 10: International Kimberlite Conference, Bangalore",Extended Abstracts,ABS,"de Bruin, D.;Gräser, P.",Quality control procedures applied to routine electron probe analyses of kimberlite indicator minerals,2012,2012-02-06,10,,,,,PDF,ojshelp@ualberta.ca,10IKC-113_DeBruin.pdf,
"Vol 10: International Kimberlite Conference, Bangalore",Extended Abstracts,ABS,"Litasov, K.D.;Shatskiy, A.;Ohtani, E.;Pokhilenko, N.P.",Melting phase relations in the systems peridotite-H2O-CO2 and eclogite-H2O-CO2 at pressures up to 27 GPa,2012,2012-02-06,10,,,,,PDF,ojshelp@ualberta.ca,10IKC-114_Litasov.pdf,
"Vol 10: International Kimberlite Conference, Bangalore",Extended Abstracts,ABS,"Litasov, K.D.;Shatskiy, A.;Ohtani, E.",Melting of peridotite and eclogite coexisting with reduced C-O-H fluid at 3-16 GPa: further constraints for redox melting models,2012,2012-02-06,10,,,,,PDF,ojshelp@ualberta.ca,10IKC-115_Litasov.pdf,
"Vol 10: International Kimberlite Conference, Bangalore",Extended Abstracts,ABS,"Guiliani, A.;Kendrick, M.A.;Philips, D.","Halogen and Ar geochemistry of metasomatic mantle xenoliths from the Bultfontein pipe (Kimberley district, South Africa)",2012,2012-02-06,10,,,,,PDF,ojshelp@ualberta.ca,10IKC-117_Giuliani.pdf,
"Vol 10: International Kimberlite Conference, Bangalore",Extended Abstracts,ABS,"Kiseeva, E.S.;Yaxley, G.M.;Kamenetsky, V.S.",Carbonated eclogite at 3.5-5.5 GPa – the effect of the capsule material on solidus temperatures,2012,2012-02-06,10,,,,,PDF,ojshelp@ualberta.ca,10IKC-118_Kiseeva.pdf,
"Vol 10: International Kimberlite Conference, Bangalore",Extended Abstracts,ABS,"Mabolani, S.;Cawthorn, R.G.;Reimold, W.U.","Benfontein-02 kimberlite, Free State Province, South Africa",2012,2012-02-06,10,,,,,PDF,ojshelp@ualberta.ca,10IKC-119_Mabolani.pdf,
"Vol 10: International Kimberlite Conference, Bangalore",Extended Abstracts,ABS,"Luchs, T.;Brey, G.P.;Gerdes, A.;Hoefer, H.E.","Lu-Hf and Sm-Nd geochronology and geothermobarometry of the lithospheric mantle beneath the Gibeon kimberlite field, Namibia",2012,2012-02-06,10,,,,,PDF,ojshelp@ualberta.ca,10IKC-120_Luchs.pdf,
"Vol 10: International Kimberlite Conference, Bangalore",Extended Abstracts,ABS,"Chapman, J.;De Corte, K.;Van Royen, J.;Willems, B.","FTIR features in Argyle, Diavik and Murowa diamonds",2012,2012-02-06,10,,,,,PDF,ojshelp@ualberta.ca,10IKC-121_Chapman.pdf,
"Vol 10: International Kimberlite Conference, Bangalore",Extended Abstracts,ABS,"Gurney, J.J.;Helmstaedt, H.H.",Type IIa diamonds and their enhanced economic significance,2012,2012-02-06,10,,,,,PDF,ojshelp@ualberta.ca,10IKC-123_Gurney.pdf,
"Vol 10: International Kimberlite Conference, Bangalore",Extended Abstracts,ABS,"Borst, A.M.;Davidheiser, B.;Meulemans, T.J.;Davies, G.R.",The origin and evolution of the lithospheric mantle beneath the Makondi fold belt in Botswana; a comprehensive geochemical study of peridotite xenoliths from the Letlhakane diamond mine,2012,2012-02-06,10,,,,,PDF,ojshelp@ualberta.ca,10IKC-125_Borst.pdf,
"Vol 10: International Kimberlite Conference, Bangalore",Extended Abstracts,ABS,"Malygina, E.V.;Pokhilenko, N.P.",Peculiarities of composition of coarse peridotite xenoliths of some kimberlite pipes from Sourth Africa,2012,2012-02-06,10,,,,,PDF,ojshelp@ualberta.ca,10IKC-126_Malygina.pdf,
"Vol 10: International Kimberlite Conference, Bangalore",Extended Abstracts,ABS,"Agashev, A.M.;Orihashi, Y.;Rotman, A.Y.;Pokhilenko, N.P.;Serov, I.V.;Tolstov, A.V.","Rutile and titanite as the minerals for dating kimberlite emplacement age: an example of Amakinskaya and Taezhnaya pipes of Mirny field, Siberia",2012,2012-02-06,10,,,,,PDF,ojshelp@ualberta.ca,10IKC-127_Agashev.pdf,
"Vol 10: International Kimberlite Conference, Bangalore",Extended Abstracts,ABS,"Shatskiy, A.;Litasov, K.D.;Ohtani, E.",Segregation rate and transport mechanism of volatile-bearing melt in the deep mantle,2012,2012-02-06,10,,,,,PDF,ojshelp@ualberta.ca,10IKC-128_Shatskiy.pdf,
"Vol 10: International Kimberlite Conference, Bangalore",Extended Abstracts,ABS,"Sharygin, I.S.;Litasov, K.D.;Shatskiy, A.;Golovin, A.V.;Ohtani, E.;Pokhilenko, N.P.",Melting phase relations of chlorine-bearing kimberlite at 2.1-6.5 GPa and 900-1500°C,2012,2012-02-06,10,,,,,PDF,ojshelp@ualberta.ca,10IKC-129_Sharygin.pdf,
"Vol 10: International Kimberlite Conference, Bangalore",Extended Abstracts,ABS,"Sablukov, S.M.",Diagram Ta-Sc – the universal discrimination diagram for geochemical classification of the kimberlitic rocks,2012,2012-02-06,10,,,,,PDF,ojshelp@ualberta.ca,10IKC-130-Sablukov.pdf,
"Vol 10: International Kimberlite Conference, Bangalore",Extended Abstracts,ABS,"Buisman, I.;Sparks, R.S.J.;Brown, R.J.;Manya, S.;Kavanagh, J.;Walter, M.J.","Olivine chemistry of exceptionally young (Holocene) kimberlite of the Igwisi Hills volcano, Tanzania",2012,2012-02-06,10,,,,,PDF,ojshelp@ualberta.ca,10IKC-131_Buisman.pdf,
"Vol 10: International Kimberlite Conference, Bangalore",Extended Abstracts,ABS,"Kriulina, G.Y.;Kyazimov, V.O.;Vasiliev, E.A.;Matveeva, O.P.","New data on the structure of the cubic habit diamonds from the M.V. Lomonosov diamonds deposit (Archangelsk diamondiferous province, Russia)",2012,2012-02-06,10,,,,,PDF,ojshelp@ualberta.ca,10IKC-133_Kruilina.pdf,
"Vol 10: International Kimberlite Conference, Bangalore",Extended Abstracts,ABS,"O'Brien, H.E.;Spencer, R.G.",Lemphane kimberlite diamond project: petrology update,2012,2012-02-06,10,,,,,PDF,ojshelp@ualberta.ca,10IKC-134_OBrien.pdf,
"Vol 10: International Kimberlite Conference, Bangalore",Extended Abstracts,ABS,"Macdonald, A.I.;Napier, S.",Chemical and textural characterisation of non-kimberlitic chromian spinel populations from diamond exploration programmes,2012,2012-02-06,10,,,,,PDF,ojshelp@ualberta.ca,10IKC-136_Macdonald.pdf,
"Vol 10: International Kimberlite Conference, Bangalore",Extended Abstracts,ABS,"Ogilvie-Harris, R.C.;Field, M.;Brooker, R.A.;Walter, M.J.;Sparks, R.S.J.","Tthe petrology of AK6, Botswana: implications of volcanic and igneous processes",2012,2012-02-06,10,,,,,PDF,ojshelp@ualberta.ca,10IKC-137_OgiliveHarris.pdf,
"Vol 10: International Kimberlite Conference, Bangalore",Extended Abstracts,ABS,"Davies, R.;Davies, A.W.",Zone of anomalous mantle,2012,2012-02-06,10,,,,,PDF,ojshelp@ualberta.ca,10IKC-138_Davies.pdf,
"Vol 10: International Kimberlite Conference, Bangalore",Extended Abstracts,ABS,"Sablukov, S.M.;Sablukova, L.I.;Stegnitsky, Yu.B.;Karpenko, M.A.","Banded alkremite xenoliths from Nyurbinskaya kimberlite pipes (Nakyn field, Yakutia)",2012,2012-02-06,10,,,,,PDF,ojshelp@ualberta.ca,10IKC-140_Sablukov.pdf,
"Vol 10: International Kimberlite Conference, Bangalore",Extended Abstracts,ABS,"Weiss, Y.;Kiflawi, I.;Griffin, W.L.;Navon, O.",Fluid microinclusions in monocrystalline diamonds,2012,2012-02-06,10,,,,,PDF,ojshelp@ualberta.ca,10IKC-141-Weiss.pdf,
"Vol 10: International Kimberlite Conference, Bangalore",Extended Abstracts,ABS,"Sablukova, L.I.;Sablukov, S.M.;Stegnitsky, Yu.B.;Karpenko, M.A.","Green garnets of the “wehrlite” mantle xenoliths from kimberlites: their composition and origin (Newlands dike, South Africa; Nyurbinskaya pipe, Nakyn field, Yakutia)",2012,2012-02-06,10,,,,,PDF,ojshelp@ualberta.ca,10IKC-142_Sablukov.pdf,
"Vol 10: International Kimberlite Conference, Bangalore",Extended Abstracts,ABS,"Golubkova, A.;Schmidt, M.W.",Role of sediment derived carbonatitic melts in orgin of high-K mantle domains,2012,2012-02-06,10,,,,,PDF,ojshelp@ualberta.ca,10IKC-143_Golubkova.pdf,
"Vol 10: International Kimberlite Conference, Bangalore",Extended Abstracts,ABS,"Sablukova, L.I.;Sablukov, S.M.;Verichev, E.M.;Antonov, A.V.","Grospydite xenoliths from Grib pipe kimberlites (Arkhangelsk province, Russia)",2012,2012-02-06,10,,,,,PDF,ojshelp@ualberta.ca,10IKC-144_Sablukova.pdf,
"Vol 10: International Kimberlite Conference, Bangalore",Extended Abstracts,ABS,"Bovkun, A.V.;Biller, A.Y.;Skvortsova, V.L.;Garanin, V.K.","Polyphase hydrocarbon inclusions in garnet from the Mir pipe (Yakutia, Russia)",2012,2012-02-06,10,,,,,PDF,ojshelp@ualberta.ca,10IKC-146_Bovkm.pdf,
"Vol 10: International Kimberlite Conference, Bangalore",Extended Abstracts,ABS,"Schmidt, M.W.;Rohrbach, A.;Gao, C.;Connolly, J.A.D.",The role of redox equilibria during carbon transfer in the mantle and the stability of carbides in the mantle,2012,2012-02-06,10,,,,,PDF,ojshelp@ualberta.ca,10IKC-148_Schmidt.pdf,
"Vol 10: International Kimberlite Conference, Bangalore",Extended Abstracts,ABS,"Samsonov, A.V.;Tretyachenko, V.V.;Nosova, A.A.;Larionova, Yu.O.;Lepekhina, E.N.;Larionov, A.N.;Ipatieva, I.S.",Sutures in the early Precambrian crust as a factor responsible for localization of diamondiferous kimberlites in the northern East European platform,2012,2012-02-06,10,,,,,PDF,ojshelp@ualberta.ca,10IKC-149_Samsonov.pdf,
"Vol 10: International Kimberlite Conference, Bangalore",Extended Abstracts,ABS,"Hunt, L.;Stachel, T.;Pearson, D.G.;Stern, R.;Muehlenbachs, K.;Mclean, H.;Marcheggiani-Croden, V.","Polycrystalline fibrous diamonds from the Diavik diamond mine, Canada",2012,2012-02-06,10,,,,,PDF,ojshelp@ualberta.ca,10IKC-150_Hunt.pdf,
"Vol 10: International Kimberlite Conference, Bangalore",Extended Abstracts,ABS,"Russell, J.K.;Porritt, L.A.;Lavallée, Y.;Dingwell, D.",Kimberlite ascent by assimilation-fueled buoyancy,2012,2012-02-06,10,,,,,PDF,ojshelp@ualberta.ca,10IKC-154_Russel.pdf,
"Vol 10: International Kimberlite Conference, Bangalore",Extended Abstracts,ABS,"Bobrov, A.V.;Litvin, Yu.A.;Ismailova, L.S.",Diamond-forming efficiency of chloridesilicate-carbonate melts: the role of chlorides,2012,2012-02-06,10,,,,,PDF,ojshelp@ualberta.ca,10IKC-155_Bobrov.pdf,
"Vol 10: International Kimberlite Conference, Bangalore",Extended Abstracts,ABS,"Sirotkina, E.A.;Bobrov, A.V.;Garanin, V.K.;Bovkun, A.V.;Shkurskii, B.B.;Korost, D.V.","Exsolution textures in majoritic garnets from the Mir kimberlite pipe (Yakutia, Russia)",2012,2012-02-06,10,,,,,PDF,ojshelp@ualberta.ca,10IKC-157_Sirotkina.pdf,
"Vol 10: International Kimberlite Conference, Bangalore",Extended Abstracts,ABS,"Kriulina, G.Yu.;Makeyev, A.B.",Metal films on the face and in the body of diamond crystals from diamondiferous provinces Russian and the world,2012,2012-02-06,10,,,,,PDF,ojshelp@ualberta.ca,10IKC-158_161_Kriulina.pdf,
"Vol 10: International Kimberlite Conference, Bangalore",Extended Abstracts,ABS,"Kopylova, M.G.;Miller, C.;Afanasiev, V.P.;Bruce, L.;Thurston, P.;Ryder, J.",Kimberlite-derived harzbugitic diamonds from a >2.7 Ga southern Superior protocraton,2012,2012-02-06,10,,,,,PDF,ojshelp@ualberta.ca,10IKC-160_Kopilova.pdf,
"Vol 10: International Kimberlite Conference, Bangalore",Extended Abstracts,ABS,"Neilson, S.;Grütter, H.;Pell, J.;Grenon, H.","The evolution of kimberlite indicator mineral interpretation on the Chidliak project, Baffin Island, Nunavut",2012,2012-02-06,10,,,,,PDF,ojshelp@ualberta.ca,10IKC-162_Neilson.pdf,
"Vol 10: International Kimberlite Conference, Bangalore",Extended Abstracts,ABS,"Brett, R.C.;Russell, J.K.;Andrews, G.",Kimberlite ascent: chronicles of olivine,2012,2012-02-06,10,,,,,PDF,ojshelp@ualberta.ca,10IKC-163_Brett.pdf,
"Vol 10: International Kimberlite Conference, Bangalore",Extended Abstracts,ABS,"Dyakonov, D.B.;Garanin, V.K.;Garanin, K.V.;Bushueva, E.B.;Enalieva, M.A.;Vvedensky, E.S.",Searching for new diamond deposits in western Liberia,2012,2012-02-06,10,,,,,PDF,ojshelp@ualberta.ca,10IKC-165_Dyakonov.pdf,
"Vol 10: International Kimberlite Conference, Bangalore",Extended Abstracts,ABS,"Wood, B.D.;Rameseder, B.;Scott Smith, B.H.","The Victor diamond mine, northern Ontario, Canada: successful mining of a reliable resource",2012,2012-02-06,10,,,,,PDF,ojshelp@ualberta.ca,10IKC-166_Wood.pdf,
"Vol 10: International Kimberlite Conference, Bangalore",Extended Abstracts,ABS,"Armstrong, J.P.;Fitzgerald, C.E.;Kjarsgaard, B.A.;Heaman, L.;Tappe, S.","Kimberlites of the Coronation Gulf field, northern Slave craton, Nunavut Canada",2012,2012-02-06,10,,,,,PDF,ojshelp@ualberta.ca,10IKC-170_Armstrong.pdf,
"Vol 10: International Kimberlite Conference, Bangalore",Extended Abstracts,ABS,"Sharygin, I.S.;Golovin, A.V.;Pokhilenko, N.P.","Djerfisherite in kimberlite-hosted mantle xenoliths: textural features, composition and origin",2012,2012-02-06,10,,,,,PDF,ojshelp@ualberta.ca,10IKC-172_Sharygin.pdf,
"Vol 10: International Kimberlite Conference, Bangalore",Extended Abstracts,ABS,"Malkovets, V.G.;Griffin, W.L.;Pearson, N.J.;Rezvukhin, D.I.;O'Reilly, S.Y.;Pokhilenko, N.P.;Garanin, V.K.;Spetsius, Z.V.;Litasov, K.D.",Late metasomatic addition of garnet to the SCLM: Os-isotope evidence,2012,2012-02-06,10,,,,,PDF,ojshelp@ualberta.ca,10IKC-173_Malkovets.pdf,
"Vol 10: International Kimberlite Conference, Bangalore",Extended Abstracts,ABS,"Navon, O.;Griffin, W.L.;Weiss, Y.",“Tables” vs. “benches”: trace elements in fibrous diamonds,2012,2012-02-06,10,,,,,PDF,ojshelp@ualberta.ca,10IKC-174_Navon.pdf,
"Vol 10: International Kimberlite Conference, Bangalore",Extended Abstracts,ABS,"Weiss, Y.;Kiflawi, I.;Navon, O.",The IR absorption spectrum of water in microinclusions-bearing diamonds,2012,2012-02-06,10,,,,,PDF,ojshelp@ualberta.ca,10IKC-175_Weiss.pdf,
"Vol 10: International Kimberlite Conference, Bangalore",Extended Abstracts,ABS,"Rubanov, E.V.;Griffin, W.L.;Piazolo, S.;O'Reilly, S.Y.;Stachel, T.;Stern, R.;Birnie, A.C.",Geochemistry and microstructure of diamondites,2012,2012-02-06,10,,,,,PDF,ojshelp@ualberta.ca,10IKC-176_Rubanova.pdf,
"Vol 10: International Kimberlite Conference, Bangalore",Extended Abstracts,ABS,"Spetsius,Z.V.;Kamenetsky, V.S.",Mapping of mineral phases around diamonds in eclogite xenoliths from the Udachnaya kimberlite pipe (Yakutia): remarks to their metasomatic genesis,2012,2012-02-06,10,,,,,PDF,ojshelp@ualberta.ca,10IKC-178_Spetsuis.pdf,
"Vol 10: International Kimberlite Conference, Bangalore",Extended Abstracts,ABS,"Maibam, B.","Mineral chemistry of the peridotites from the Naga ophiolite belt, northeastern India and their petrological significance",2012,2012-02-06,10,,,,,PDF,ojshelp@ualberta.ca,10IKC-179_BMaibam.pdf,
"Vol 10: International Kimberlite Conference, Bangalore",Extended Abstracts,ABS,"Hutchison, M.T.",Diamond exploration and prospectivity of the northern territory of Australia,2012,2012-02-06,10,,,,,PDF,ojshelp@ualberta.ca,10IKC-182_Hutchinson.pdf,
"Vol 10: International Kimberlite Conference, Bangalore",Extended Abstracts,ABS,"Logvinova, A.M.;Wirth, R.;Sobolev, N.V.;Taylor, L.A.","Multi-phase, sub-micrometer silicate, sulfide & fluid inclusions in diamonds: expressions of metasomatism evidenced in peridotites and eclogites",2012,2012-02-06,10,,,,,PDF,ojshelp@ualberta.ca,10IKC-183_Logvinova.pdf,
"Vol 10: International Kimberlite Conference, Bangalore",Extended Abstracts,ABS,"Hutchison, M.T.;Dale, C.W.;Nowell, G.M.;Laiginhas, F.A.;Pearson, D.G.",Age constraints on ultra-deep mantle petrology shown by Juina diamonds,2012,2012-02-06,10,,,,,PDF,ojshelp@ualberta.ca,10IKC-184_Hutchinson.pdf,
"Vol 10: International Kimberlite Conference, Bangalore",Extended Abstracts,ABS,"Gibsher, A.A.;Malkovets, V.G.;Kuzmin, D.V.;Griffin, W.L.;O'Reilly, S.Y.","Element diffusion in composite xenoliths from alkaline basalts (West Sangilen, Russia)",2012,2012-02-06,10,,,,,PDF,ojshelp@ualberta.ca,10IKC-188_Gibsher.pdf,
"Vol 10: International Kimberlite Conference, Bangalore",Extended Abstracts,ABS,"Harte, B.;Richardson, S.","Diamonds from Juina, Brazil, track the evolution of a Mesozoic subducted slab",2012,2012-02-06,10,,,,,PDF,ojshelp@ualberta.ca,10IKC-189_BenHarte.pdf,
"Vol 10: International Kimberlite Conference, Bangalore",Extended Abstracts,ABS,"Harte, B.;Richardson, S.",Mineral associations in diamonds from the lowermost upper mantle and uppermost lower mantle,2012,2012-02-06,10,,,,,PDF,ojshelp@ualberta.ca,10IKC-190_BenHarte.pdf,
"Vol 10: International Kimberlite Conference, Bangalore",Extended Abstracts,ABS,"Chesler, R.;Hergt, J.;Woodhead, J.;Phillips, D.",Geochemistry and geochronology of Tanzanian kimberlites,2012,2012-02-06,10,,,,,PDF,ojshelp@ualberta.ca,10IKC-191_Chesler.pdf,
"Vol 10: International Kimberlite Conference, Bangalore",Extended Abstracts,ABS,"Fedortchouk, Y.;Hilchie, L.;McIsaac, E.",Diamond survival in kimberlite magma: the importance of fluid,2012,2012-02-06,10,,,,,PDF,ojshelp@ualberta.ca,10IKC-192_Fedortchouk.pdf,
"Vol 10: International Kimberlite Conference, Bangalore",Extended Abstracts,ABS,"Heaman, L.M.;Grütter, H.D.;Pell, J.;Holmes, P.;Grenon, H.","U-Pb geochronology, Sr- and Nd-isotope compositions of groundmass perovskite from the Chidliak and Qilaq kimberlites, Baffin Island, Nunavut",2012,2012-02-06,10,,,,,PDF,ojshelp@ualberta.ca,10IKC-193_Heaman.pdf,
"Vol 10: International Kimberlite Conference, Bangalore",Extended Abstracts,ABS,"Robles-Cruz, S.E.;Galía, S.;Escayola, M.;Melgarejo, J.C.",Heterogeneous mantle beneath the Lunda area in Angola: Nd isotopic evidence,2012,2012-02-06,10,,,,,PDF,ojshelp@ualberta.ca,10IKC-195_RoblesCruz.pdf,
"Vol 10: International Kimberlite Conference, Bangalore",Extended Abstracts,ABS,"Nikolenko, E.I.;Afanasiev, V.P.;Chepurov, A.I.","Fe-rich ilmenite and kimberlite melt interaction, experimental researches",2012,2012-02-06,10,,,,,PDF,ojshelp@ualberta.ca,10IKC-197_Nikolenko.pdf,
"Vol 10: International Kimberlite Conference, Bangalore",Extended Abstracts,ABS,"Araújo, D.P.;Bulanova, G.P.;Walter, M.J.;Kohn, S.C.;Smith, C.B.;Gaspar, J.C.;Wang, J.",Juina-5 kimberlite (Brazil): a source of unique lower mantle diamonds,2012,2012-02-06,10,,,,,PDF,ojshelp@ualberta.ca,10IKC-198_Araujo.pdf,
"Vol 10: International Kimberlite Conference, Bangalore",Extended Abstracts,ABS,"Dymshits, A.M.;Bindi, L.;Bobrov, A.V.;Litasov, K.D.;Shatskiy, A.F.;Ohtani, E.;Litvin, Yu.A.",Sodium majorite and its pyrope solid solutions: high pressure experiment and crystal-chemical implications,2012,2012-02-06,10,,,,,PDF,ojshelp@ualberta.ca,10IKC-199_Dymshits.pdf,
"Vol 10: International Kimberlite Conference, Bangalore",Extended Abstracts,ABS,"Wiggers de Vries, D.F.;Harris, J.W.;Pearson, D.G.;Davies, G.R.","Re-Os isotope constraints on the ages of diamonds from Mwadui, Tanzania",2012,2012-02-06,10,,,,,PDF,ojshelp@ualberta.ca,10IKC-203_Wiggers.pdf,
"Vol 10: International Kimberlite Conference, Bangalore",Extended Abstracts,ABS,"Riches, A.J.V.;Pearson, D.G.;Stern, R.A.;Ickert, R.B.;Kjarsgaard, B.A.;Jackson, S.E.;Ishikawa, A.",Multi-stage metasomatism of a Roberts Victor eclogite linked to the formation and destruction of diamond,2012,2012-02-06,10,,,,,PDF,ojshelp@ualberta.ca,10IKC-204_Riches.pdf,
"Vol 10: International Kimberlite Conference, Bangalore",Extended Abstracts,ABS,"Riches, A.J.V.;Pearson, D.G.;Stern, R.A.;Ickert, R.B.;Jackson, S.E.;Ishikawa, A.;Kjarsgaard, B.A.",Metasomatism of a Roberts Victor eclogite linked to the formation and destruction of diamond,2012,2012-02-06,10,,,,,PDF,ojshelp@ualberta.ca,10IKC-207_RICHES.pdf,
"Vol 10: International Kimberlite Conference, Bangalore",Extended Abstracts,ABS,"Dalla Costa, M.M.;Santos, R.V.;Araújo, D.P.;Gaspar, J.C.","Occurrence of garnets with eclogitic and lherzolitic compositions in garnet lherzolite xenolith from the Canastra-01 kimberlite, Brazil",2012,2012-02-06,10,,,,,PDF,ojshelp@ualberta.ca,10IKC-210_DallaCosta.pdf,
"Vol 10: International Kimberlite Conference, Bangalore",Extended Abstracts,ABS,"Gaillu, E.;Shrey, S.B.;Bulanova, G.P.;Marks, B.;Smith, C.B.;Wang, J.;Kohn, S.C.;Walter, M.J.","Sulfide inclusion Re-Os ages and carbon, nitrogen of diamonds from the Murowa kimberlites: implications for Zimbabwe craton evolution",2012,2012-02-06,10,,,,,PDF,ojshelp@ualberta.ca,10IKC-212_Gaillou.pdf,
"Vol 10: International Kimberlite Conference, Bangalore",Extended Abstracts,ABS,"Bulanova, G.P.;Marks, A.;Smith, C.B.;Kohn, S.C.;Walter, M.J.;Gaillou, E.;Shirey, S.B.;Trautman, R.;Griffin, B.J.",Diamonds from Sese and Murowa kimberlites (Zimbabwe) – evidence of extreme peridotitic lithosphere depletion and Ti-REE metasomatism,2012,2012-02-06,10,,,,,PDF,ojshelp@ualberta.ca,10IKC-218_Bulanova.pdf,
"Vol 10: International Kimberlite Conference, Bangalore",Extended Abstracts,ABS,"Shirey, S.B.;Richardson, S.H.",Evidence from inclusions in diamonds for 3 Ga onset of the supercontinent cycle: implications for geodynamics and diamond formation,2012,2012-02-06,10,,,,,PDF,ojshelp@ualberta.ca,10IKC-221_Shirey.pdf,
"Vol 10: International Kimberlite Conference, Bangalore",Extended Abstracts,ABS,"Harvey, S.;Read, G.;DesGagnes, B.;Shimell, M.;Danoczi, J.;van Breugel, B.;Fourie, L.;Stilling, A.","Utilization of olivine macrocryst grain size and abundance data as a proxy for diamond size and grade in pyroclastic deposits of the Orion South kimberlite, Fort à la Corne, Saskatchewan, Canada",2012,2012-02-06,10,,,,,PDF,ojshelp@ualberta.ca,10IKC-222_Harvey.pdf,
"Vol 10: International Kimberlite Conference, Bangalore",Extended Abstracts,ABS,"Daniels, L.R.M.;de Bruin, D.;Smuts, J.C.",Exploration for concealed kimberlites in Botswana with trace element soil geochemistry,2012,2012-02-06,10,,,,,PDF,ojshelp@ualberta.ca,10IKC-223_Daniels.pdf,
"Vol 10: International Kimberlite Conference, Bangalore",Extended Abstracts,ABS,"Kafino, C.V.;Brod, J.A.;Brod, T.C.J.;Freitas, N.M.","Mineral chemistry of mantle xenoliths from kamafugite diatremes in the Goias alkaline province, Brazil",2012,2012-02-06,10,,,,,PDF,ojshelp@ualberta.ca,10IKC-224_Kafino.pdf,
"Vol 10: International Kimberlite Conference, Bangalore",Extended Abstracts,ABS,"Scott Smith, B.H.;Nowicki, T.E.;Russell, J.K.;Webb, K.J.;Mitchell, R.H.;Hetmane, C.M.;Harder, M.;Skinner, E.M.W.;Robey, J.V.",Kimberlite terminology and classification,2012,2012-02-06,10,,,,,PDF,ojshelp@ualberta.ca,10IKC-226_ScottSmith.pdf,
"Vol 10: International Kimberlite Conference, Bangalore",Extended Abstracts,ABS,"Tychkov, N.S.;Agashev, A.M.;Pokhilenko, N.P.",Refertilisation grade estimation of lithosphere roots by the chemical composition of garnets from Siberian kimberlites,2012,2012-02-06,10,,,,,PDF,ojshelp@ualberta.ca,10IKC-227_Tychkov.pdf,
"Vol 10: International Kimberlite Conference, Bangalore",Extended Abstracts,ABS,"Fedorova, E.N.;Logvinova, A.M.;Mashkovtsev, R.I.;Sobolev, N.V.",Internal structure and color of the natural plastically deformed diamonds from the Internatsionalnaya kimberlite pipe (Yakutia),2012,2012-02-06,10,,,,,PDF,ojshelp@ualberta.ca,10IKC-228_Fedorova.pdf,
"Vol 10: International Kimberlite Conference, Bangalore",Extended Abstracts,ABS,"Barbosa, E.S.R.;Brod, J.A.;Junqueira-Brod, T.C.;Cordeiro, P.F.O.;Santos, R.V.;Dantas, E.L.","Phoscorites from the Salitre alkaline complex, Brazil: origin and petrogenetic implications",2012,2012-02-06,10,,,,,PDF,ojshelp@ualberta.ca,10IKC-229_Barbosa.pdf,
"Vol 10: International Kimberlite Conference, Bangalore",Extended Abstracts,ABS,"Webb, K.J.;Hetman, C.M.;Nowicki, T.E.;Harrison, S.;Carlson, J.;Parson, S.;Paul, J.L.","An updated geological model of the Misery kimberlite complex, Ekati mine, Northwest Territories, Canada",2012,2012-02-06,10,,,,,PDF,ojshelp@ualberta.ca,10IKC-230_Webb.pdf,
"Vol 10: International Kimberlite Conference, Bangalore",Extended Abstracts,ABS,"Rosenthal, A.;Green, D.H.;Kovács, I.;Hibberson, W.O.;Yaxley, G.M.;Brink, F.",Experimental study of the role of water in the uppermost mantle,2012,2012-02-06,10,,,,,PDF,ojshelp@ualberta.ca,10IKC-232_Rosenthal.pdf,
"Vol 10: International Kimberlite Conference, Bangalore",Extended Abstracts,ABS,"Ashchepkov, I.V.;Ntaflos, T.;Pokhilenko, L.N.;Ionov, D.A.;Vladykin, N.V.;Kuligin, S.S.;Mityukhin, S.I.;Palessky, S.V.",Mantle structure beneath Udachnaya pipe reconstructed by fresh mantle xenoliths from brown breccia,2012,2012-02-06,10,,,,,PDF,ojshelp@ualberta.ca,10IKC-233_Ashchepkov.pdf,
"Vol 10: International Kimberlite Conference, Bangalore",Extended Abstracts,ABS,"Ashchepkov, I.V.;Downes, H.;Mitchell, R.;Vladykin, N.V.;Palessky, S.V.",Mantle lithosphere beneath Wyoming based on Sloan and Kelsey lake – I kimberlite xenocrysts,2012,2012-02-06,10,,,,,PDF,ojshelp@ualberta.ca,10IKC-234_Ashchepkov.pdf,
"Vol 10: International Kimberlite Conference, Bangalore",Extended Abstracts,ABS,"Rezvukhin, D.I.;Malkovets, V.G.;Gibsher, A.A.;Kuzmin, D.V.;Griffin, W.L.;Pokhilenko, N.P.;O'Reilly, S.Y.","Oxide mineral inclusions in pyropes from the Internationalnaya kimberlite pipe, Yakutia",2012,2012-02-06,10,,,,,PDF,ojshelp@ualberta.ca,10IKC-235_Rezvukhin.pdf,
"Vol 10: International Kimberlite Conference, Bangalore",Extended Abstracts,ABS,"Harder, M.;Nowicki, T.E.;Hetman, C.M.;Freeman, L.;Abedu, B.","Geology and evaluation of the K2 kimberlite, Koidu mine, Sierra Leone, West Africa",2012,2012-02-06,10,,,,,PDF,ojshelp@ualberta.ca,10IKC-236_HardeR.pdf,
"Vol 10: International Kimberlite Conference, Bangalore",Extended Abstracts,ABS,"Smart, K.A.;Chacko, T.;Stachel, T.;Tappe, S.;Muehlenbachs, K.;Ickert, R.B.;Stern, R.A.",Jericho eclogite formation revealed by diamond inclusions: oceanic origin without crustal signature?,2012,2012-02-06,10,,,,,PDF,ojshelp@ualberta.ca,10IKC-238_Smart.pdf,
"Vol 10: International Kimberlite Conference, Bangalore",Extended Abstracts,ABS,"Cartigny, P.;Harris, J.W.","Eclogitic and peridotitic diamond formation (Kimberley Pool kimberlites, South Africa) as evidenced from C-, N- stable isotope: a main mantle-derived source",2012,2012-02-06,10,,,,,PDF,ojshelp@ualberta.ca,10IKC-240_Cartigny.pdf,
"Vol 10: International Kimberlite Conference, Bangalore",Extended Abstracts,ABS,"Nestola, F.;Nimis, P.;Harris, J.W.",Crystallographic relationships between diamond and its olivine inclusions,2012,2012-02-06,10,,,,,PDF,ojshelp@ualberta.ca,10IKC-242_Nestola.pdf,
"Vol 10: International Kimberlite Conference, Bangalore",Extended Abstracts,ABS,"Felgate, M.;Phillips, D.;Hergt, J.;Woodhead, J.",The Brazilian kimberlite-kamafugite association: a new and improved geochronological and geochemical investigation,2012,2012-02-06,10,,,,,PDF,ojshelp@ualberta.ca,10IKC-243_Felgate.pdf,
"Vol 10: International Kimberlite Conference, Bangalore",Extended Abstracts,ABS,"Yelisseyev, A.P.;Afanasiev, V.P.;Kopylova, M.G.;Bulbak, T.A.",The effect of metamorphic annealing and beta-irradiation on optical properties of Type IaA diamonds,2012,2012-02-06,10,,,,,PDF,ojshelp@ualberta.ca,10IKC-0244_Yelisseyev_Corrected.pdf,
"Vol 10: International Kimberlite Conference, Bangalore",Extended Abstracts,ABS,"Kurszlaukis, S.;Fulop, A.",Factors controlling the internal facies architecture of kimberlite pipes,2012,2012-02-06,10,,,,,PDF,ojshelp@ualberta.ca,10IKC-246_Kurszlaukis.pdf,
"Vol 10: International Kimberlite Conference, Bangalore",Extended Abstracts,ABS,"Brown, R.J.;Manya, S.;Buisman, I.;Sparks, R.S.J.;Field, M.;Stuart, F.M.;Fontana, G.","Physical volcanology, geomorphology, and cosmogenic 3He dating of the youngest kimberlite volcanoes on Earth (the Holocene Igwisi Hills volcanoes, Tanzania)",2012,2012-02-06,10,,,,,PDF,ojshelp@ualberta.ca,10IKC-248_Brown.pdf,
"Vol 10: International Kimberlite Conference, Bangalore",Extended Abstracts,ABS,"Moss, S.;Nowicki, T.;Hetman, C.;Freeman, L.;Abedu, B.","Geology and evaluation of kimberlite dykes at Koidu, Sierra Leone",2012,2012-02-06,10,,,,,PDF,ojshelp@ualberta.ca,10IKC-249_Moss.pdf,
"Vol 10: International Kimberlite Conference, Bangalore",Extended Abstracts,ABS,"Barnett, W.;Jelsma, H.;Watkeys, M.;Freeman, L.",How structure and stress influence the location of kimberlite,2012,2012-02-06,10,,,,,PDF,ojshelp@ualberta.ca,10IKC-250_Barnett.pdf,
"Vol 10: International Kimberlite Conference, Bangalore",Extended Abstracts,ABS,"Kjarsgaard, B.A.",Kimberlite pipe models: significance for exploration,2012,2012-02-06,10,,,,,PDF,ojshelp@ualberta.ca,10IKC-251_Kjarsgaard.pdf,
"Vol 10: International Kimberlite Conference, Bangalore",Extended Abstracts,ABS,"Pearson, D.G.;Mather, K.A.;Ishikawa, A.;Kjarsgaard, B.A.",Origin and evolution of cratonic roots,2012,2012-02-06,10,,,,,PDF,ojshelp@ualberta.ca,10IKC-253_Pearson.pdf,
"Vol 10: International Kimberlite Conference, Bangalore",Extended Abstracts,ABS,"de Souza, H.A.F.;Fedikow, M.A.F.;Ryder, J.;Turner, N.;Halliday, M.",Application of weak leaches in kimberlite exploration,2012,2012-02-06,10,,,,,PDF,ojshelp@ualberta.ca,10IKC-261_DeSouza.pdf,
"Vol 10: International Kimberlite Conference, Bangalore",Extended Abstracts,ABS,"Moss, S.;Webb, K.;Hetman, C.;Manyumbu, A.;Muchechetere, C.","Geology of the K1 and K2 kimberlite pipes at Murowa, Zimbabwe",2012,2012-02-06,10,,,,,PDF,ojshelp@ualberta.ca,10IKC-262_Moss.pdf,
"Vol 10: International Kimberlite Conference, Bangalore",Extended Abstracts,ABS,"Allialy, M.E.;Batumike, J.M.;Djro, S.C.;Coulibaly, Y.;Kouamelan, A.N.;Daouda, Y.B.",Petrogenesis and geochemical signatures of olivine pyroxenite xenoliths from Ivory Coast diamondiferous Cretaceous kimberlites (West-Africa craton),2012,2012-02-06,10,,,,,PDF,ojshelp@ualberta.ca,10IKC-266_Allialy.pdf,
"Vol 10: International Kimberlite Conference, Bangalore",Extended Abstracts,ABS,"Araújo, D.P.;Silveira, F.V.;Weska, R.K.;Rachid, F.;Neto, F.E.B.;Ireland, T.;Holden, P.;Gobbo, I.","Diamonds from the São Francisco and Amazon cratons, Brazil",2012,2012-02-06,10,,,,,PDF,ojshelp@ualberta.ca,10IKC-271_Araujo.pdf,
"Vol 10: International Kimberlite Conference, Bangalore",Extended Abstracts,ABS,"Araújo, D.P.;Weska, R.K.;Correa, R.S.;Valadão, L.V.;Kuberek, N.T.;Gobbo, L.","The kimberlite Juina-5, Brazil: textural features and xenocryst chemistry",2012,2012-02-06,10,,,,,PDF,ojshelp@ualberta.ca,10IKC-272_Weska_Araujo.pdf,
"Vol 10: International Kimberlite Conference, Bangalore",Extended Abstracts,ABS,"Weska, R.K.;Brod, J.A.;Dantas, E.L.;Araújo, D.P.","Mineral chemistry of garnets and ilmenites of the Pepper-1 and Cosmos-3 intrusions, Espigão d’oeste, Rondônia, Brazil",2012,2012-02-06,10,,,,,PDF,ojshelp@ualberta.ca,10IKC-273_Weska.pdf,
"Vol 10: International Kimberlite Conference, Bangalore",Extended Abstracts,ABS,"Afanasiev, V.P.;Pokhilenko, N.P.",Abrasion of diamond: an experimental study and field evidence,2012,2012-02-06,10,,,,,PDF,ojshelp@ualberta.ca,10IKC-275_Afanasiev.pdf,
"Vol 10: International Kimberlite Conference, Bangalore",Extended Abstracts,ABS,"Lokhov, K.I.;Lukyanova, L.I.;Lepekhina, E.N.;Kapitonov, I.N.;Shokalsky, S.P.;Shevchenko, S.S.;Antonov, A.V.;Sergeev, S.A.",U-Pb and Lu-Hf isotopic systems in zircons from some kimberlites of the Siberian platform and from Ebeliakh alluvial deposit: age and geochemic peculiarities of the source rocks,2012,2012-02-06,10,,,,,PDF,ojshelp@ualberta.ca,10IKC-277_Lokhov.pdf,
"Vol 10: International Kimberlite Conference, Bangalore",Extended Abstracts,ABS,"Gernon, T.M.;Ogilvie Harris, R.C.;Sparks, R.S.J.;Field, M.","Emplacement of the Snap Lake kimberlite intrusion, NW Territories, Arctic Canada",2012,2012-02-06,10,,,,,PDF,ojshelp@ualberta.ca,10IKC-278_Gernon.pdf,
"Vol 10: International Kimberlite Conference, Bangalore",Extended Abstracts,ABS,"Lokhov, K.I.;Lepekhina, E.N.;Kapitonov, I.N.;Polekhovsky, Yu.S.;Bogomolov, E.S.;Sergeev, S.A.",U-Pb and Lu-Hf isotopic systems in zircons and Hf-Nd isotopic systematization of the Kimozero kimberlites (Karelia),2012,2012-02-06,10,,,,,PDF,ojshelp@ualberta.ca,10IKC-280_Lokhov.pdf,
"Vol 10: International Kimberlite Conference, Bangalore",Extended Abstracts,ABS,"Kjarsgaard, B.A.;Mather, K.;Pearson, D.G.;Jackson, S.;Crabtree, D.;Creighton, S.",Cr-diopside and Cr-pyrope xenocryst thermobarometry revisited: applications to lithosphere studies and diamond exploration,2012,2012-02-06,10,,,,,PDF,ojshelp@ualberta.ca,10IKC-285_Kjarsgaard.pdf,
"Vol 10: International Kimberlite Conference, Bangalore",Extended Abstracts,ABS,"Brey, G.P.;Luchs, T.;Shu, Q.;Lazarov, M.;Becker, H.","Combined trace element Sm-Nd, Lu-Hf-and Re-Os studies constrain the age, origin and the development of the Kaapvaal subcratonic mantle",2012,2012-02-06,10,,,,,PDF,ojshelp@ualberta.ca,10IKC-287_Brey.pdf,
"Vol 10: International Kimberlite Conference, Bangalore",Extended Abstracts,ABS,"Lokhov, K.I.;Lepekhina, E.N.;Kapitonov, I.N.;Polekhovsky, Yu.S.;Bogomolov, E.S.;Sergeev, S.A.",U-Pb and Lu-Hf isotopic systems in zircons and Hf-Nd isotopic systematization of the Kimozero kimberlites (Karelia),2012,2012-02-06,10,,,,,PDF,ojshelp@ualberta.ca,10IKC-288_Lokhov.pdf,
"Vol 10: International Kimberlite Conference, Bangalore",Extended Abstracts,ABS,"Lynn, M.;Joy, S.;Preston, R.","The geology and geochemistry of the Wadagera kimberlite and the characteristics of the underlying subcontinental lithospheric mantle, Dharwar craton, India",2012,2012-02-06,10,,,,,PDF,ojshelp@ualberta.ca,10IKC-289_LynnJoy.pdf,
"Vol 10: International Kimberlite Conference, Bangalore",Extended Abstracts,ABS,"de Bruin, D.;Barton, E.;Simoneti, A.",The Sr-isotope compositions of clinopyroxene megacrysts determined by ICP-MS-LA from localities across the Kaapvaal craton through the ages,2012,2012-02-06,10,,,,,PDF,ojshelp@ualberta.ca,10IKC-291_DeBruin_Barton.pdf,
"Vol 10: International Kimberlite Conference, Bangalore",Extended Abstracts,ABS,"Barbosa, E.S.R.;Brod, J.A.;Junqueira-Brod, T.C.;Cordeiro, P.F.O.;Santos, R.V.;Dantas, E.L.","Mineralogy and petrology of the Salitre I phoscorite-carbonatite-alkaline complex, Brazil",2012,2012-02-06,10,,,,,PDF,ojshelp@ualberta.ca,10IKC-293_Barbosa.pdf,
"Vol 10: International Kimberlite Conference, Bangalore",Extended Abstracts,ABS,"Silveira, F.V.;Britto, R.S.;Matos, L.;Araujo, D.P.",Diamante Brasil project,2012,2012-02-06,10,,,,,PDF,ojshelp@ualberta.ca,10IKC-296_Silveira.pdf,
"Vol 10: International Kimberlite Conference, Bangalore",Extended Abstracts,ABS,"Ogilvie-Harris, R.C.;Brooker, R.A.;Walter, M.J.;Sparks, R.S.J.",An experimental investigation of phase relations in kimberlite melts,2012,2012-02-06,10,,,,,PDF,ojshelp@ualberta.ca,10IKC-297_gilvie-Harris.pdf,
"Vol 10: International Kimberlite Conference, Bangalore",Extended Abstracts,ABS,"O'Brien, H.E.;Birnie, A.C.;Spencer, R.G.","Diamondiferous megacrystal garnet and orthopyroxene from Liqhobong, Lesotho",2012,2012-02-06,10,,,,,PDF,ojshelp@ualberta.ca,10IKC-299_OBrien.pdf,
"Vol 10: International Kimberlite Conference, Bangalore",Extended Abstracts,ABS,"McNulty, W.K.;O'Brien, H.E.","Seitaperä Group II kimberlite/olivine lamproite: large 1200 Ma diamondiferous pipe in Kuhmo, eastern Finland",2012,2012-02-06,10,,,,,PDF,ojshelp@ualberta.ca,10IKC-300_McNulty.pdf,
"Vol 10: International Kimberlite Conference, Bangalore",Extended Abstracts,ABS,"Stand, P.;Banas, A.;Burgess, J.;Baungartner, M.",Two distinct kimberlite types at the Churchill diamond project,2012,2012-02-06,10,,,,,PDF,ojshelp@ualberta.ca,10IKC-301_PamelaStrand.pdf,
"Vol 10: International Kimberlite Conference, Bangalore",Extended Abstracts,ABS,"Preston, R.F.;Perritt, S.H.;Seller, M.H.;Wyatt, B.A.","Lithospheric structure beneath the Cretaceous Orapa kimberlite field, Botswana: 4D lithosphere imaging using garnet indicator mineral chemistry",2012,2012-02-06,10,,,,,PDF,ojshelp@ualberta.ca,10IKC-312_Preston.pdf,
"Vol 10: International Kimberlite Conference, Bangalore",Extended Abstracts,ABS,"Das, J.N.;Korkoppa, M.M.;Fareeduddin;Shivanna, S.;Srivastava, J.K.;Gera, N.L.","Tuffisitic kimberlite from eastern Dharwar crfaton, Undraldoddi area, Raichur district, Karnataka, India",2012,2012-02-06,10,,,,,PDF,ojshelp@ualberta.ca,10IKC-338_Das.pdf,
"Vol 10: International Kimberlite Conference, Bangalore",Extended Abstracts,ABS,"Kaur, G.;Korkoppa, M.;Fareeduddin","Petrology of P-5 and P-13 kimberlite from Lattavaram kimberlite cluster, Wajrakarur kimberlite field, Andhra Pradesh, India",2012,2012-02-06,10,,,,,PDF,ojshelp@ualberta.ca,10IKC-340_Gurneet.pdf,
"Vol 10: International Kimberlite Conference, Bangalore",Extended Abstracts,ABS,"Bhaskara Rao, K.S.;Patel, S.C.;Ravi, S.;Akhtar, J.",Clinopyroxene macrocrysts in Proterozoic kimberlites from southern India,2012,2012-02-06,10,,,,,PDF,ojshelp@ualberta.ca,10IKC-341_BhaskaraRao.pdf,
"Vol 10: International Kimberlite Conference, Bangalore",Extended Abstracts,ABS,"Nayak, S.S.;Ravi, S.;Patel, S.C.;Akhtar, J.",Ilmenite macrocrysts in Proterozoic kimberlites from southern India,2012,2012-02-06,10,,,,,PDF,ojshelp@ualberta.ca,10IKC-342_Nayak.pdf,
"Vol 10: International Kimberlite Conference, Bangalore",Extended Abstracts,ABS,"Ravi, S.;Sufija, M.V.;Patel, S.C.;Gupta, T.;Sridhar, M.;Kaminsky, F.V.;Khachatryan, G.K.;Netravali, S.V.","Diamonds from the eastern Dharwar craton, India: their physical and infrared characteristics",2012,2012-02-06,10,,,,,PDF,ojshelp@ualberta.ca,10IKC-346_Ravi.pdf,
"Vol 10: International Kimberlite Conference, Bangalore",Extended Abstracts,ABS,"Vani, T.;Naga Lakshmi, V.;Ramakrishnarao, M.V.;Randy Keller, G.;Subbarao, K.V.","Integration of geophysical and geological data of kimberlites in Narayanapet – Maddur field, Andhra Pradesh, India",2012,2012-02-06,10,,,,,PDF,ojshelp@ualberta.ca,10IKC-347_Vanil.pdf,
"Vol 10: International Kimberlite Conference, Bangalore",Extended Abstracts,ABS,"Lokhov, K.I.;Lepekhina, E.N.;Kapitonov, I.N.;Polekhovsky, Yu.S.;Bogomolov, E.S.;Sergev, S.A.",U-Pb and Lu-Hf isotopic systems in zircons and Hf-Nd isotopic systematization of the Kimozero Kimberlites (Karelia),2012,2012-02-06,10,,,,,PDF,ojshelp@ualberta.ca,10IKC-348_Lokhov.pdf,
"Vol 10: International Kimberlite Conference, Bangalore",Extended Abstracts,ABS,"Meulemans, T.J.;Borst, A.M.;Davidheiser, B.;Davies, G.R.",The origin and modification of the sub continental lithospheric mantle of Botswana: constraints from peridotite xentoliths of the Orapa mine,2012,2012-02-06,10,,,,,PDF,ojshelp@ualberta.ca,10IKC-351_Meulemans.pdf,
"Vol 10: International Kimberlite Conference, Bangalore",Extended Abstracts,ABS,"Rudnick, R.L.;Herzberg, C.",Origin of Archean cratons by diapiric ascent of foundered shallow residues,2012,2012-02-06,10,,,,,PDF,ojshelp@ualberta.ca,10IKC-352_Roberta.pdf,
"Vol 10: International Kimberlite Conference, Bangalore",Extended Abstracts,ABS,"Snyder, D.B.;Berman, R.G.;Kendall, J.-M.;Sanborn-Barrie, M.","Seismic anisotropy and mantle structure of the Rae craton, central Canada, from joint interpretation of sks splitting and receiver functions",2012,2012-02-06,10,,,,,PDF,ojshelp@ualberta.ca,10IKC-354_Synder.pdf,
"Vol 10: International Kimberlite Conference, Bangalore",Extended Abstracts,ABS,"Janse, A.J.A.",Diamond production and discoveries over the last fifteen years,2012,2012-02-06,10,,,,,PDF,ojshelp@ualberta.ca,10IKC-357_JanseAja.pdf,
"Vol 10: International Kimberlite Conference, Bangalore",Extended Abstracts,ABS,"Chalapathi Rao, N.V.;Lehmann, B.;Belousova, E.;Frei, D.;Mainkar, D.","Petrology, bulk-rock geochemistry, indicator mineral composition and zircon U-Pb geochronology of the end-Cretaceous diamondiferous Manipur orangeites, Bastar craton, central India",2012,2012-02-06,10,,,,,PDF,ojshelp@ualberta.ca,10IKC-359_ChalapathiRao.pdf,
"Vol 10: International Kimberlite Conference, Bangalore",Extended Abstracts,ABS,"Chalapathi Rao, N.V.;Creaser, R.A.;Lehmann, B.",Reconnaissance Re-Os isotope study of Indian kimberlites and lamproites: implication for their mantle source regions,2012,2012-02-06,10,,,,,PDF,ojshelp@ualberta.ca,10IKC-360_ChalapathiRao.pdf,
"Vol 10: International Kimberlite Conference, Bangalore",Extended Abstracts,ABS,"Srivastava, R.K.;Melluso, L.;Petrone, C.M.;Guarino, V.;Sinha, A.K.","Evolution of the early Cretaceous alkaline Jasra complex, Shillong plateau, northeastern India",2012,2012-02-06,10,,,,,PDF,ojshelp@ualberta.ca,10IKC-361_Srivastava.pdf,
"Vol 10: International Kimberlite Conference, Bangalore",Extended Abstracts,ABS,"Roy, P.;Vysetti, B.","PGE geochemistry of diamondiferous and non-diamonidferous kimberlites from eastern Dharwar craton, southern India: implication for understanding the nature of mantle below Dharwar",2012,2012-02-06,10,,,,,PDF,ojshelp@ualberta.ca,10IKC-363_ParijatRoy.pdf,
"Vol 10: International Kimberlite Conference, Bangalore",Extended Abstracts,ABS,"McInnes, B.I.A.;Evans, N.J.;Jourdan, F.;Mcdonald, B.J.;Danišík, M.;Gorter, J.D.;Mayers, C.","Zircon U-Th-Pb-He double-dating of north Australian diamond fields: Ellendale (WA), Seppelt (WA) and Merlin (NT)",2012,2012-02-06,10,,,,,PDF,ojshelp@ualberta.ca,10IKC-364_McInnes.pdf,
"Vol 10: International Kimberlite Conference, Bangalore",Extended Abstracts,ABS,"Srivastava, R.K.;Gautam, G.C.","Palaeoproterozoic ultramafic lamprophyres and associated carbonatites from the Mahakoshal supracrustal belt, central India: evidence for a carbonate-rich metasomatised mantle",2012,2012-02-06,10,,,,,PDF,ojshelp@ualberta.ca,10IKC-366_Srivastava.pdf,
"Vol 10: International Kimberlite Conference, Bangalore",Extended Abstracts,ABS,"Smelov, A.P.;Zaitsev, A.I.",The age and localization of kimberlite magmatism in the Yakutian kimberlite province – constraints from isotope geochronology,2012,2012-02-06,10,,,,,PDF,ojshelp@ualberta.ca,10IKC-367_smelov.pdf,
"Vol 10: International Kimberlite Conference, Bangalore",Extended Abstracts,ABS,"Sparks, R.S.J.;Buisman, I.;Brooker, R.;Brown, R.J.;Field, M.;Gernon, T.;Kavanagh, J.;Olgivie-Harris, R.;Schumacher, J.C.","Dynamics of kimberlite magma ascent, intrusion and eruption",2012,2012-02-06,10,,,,,PDF,ojshelp@ualberta.ca,10IKC-368_Sparks.pdf,
"Vol 10: International Kimberlite Conference, Bangalore",Extended Abstracts,ABS,"Castillo-Oliver, M.;Galí, S.;Gonçalves, A.O.;Melgarejo, J.C.",Use of indicator minerals in diamond exploration: a comparison between barren and fertile kimberlites in Angola,2012,2012-02-06,10,,,,,PDF,ojshelp@ualberta.ca,10IKC-369_Castillo-Oliver.pdf,
"Vol 10: International Kimberlite Conference, Bangalore",Extended Abstracts,ABS,"Gernon, T.M.;Brown, R.J.;Tail, M.;Hincks, T.K.",The origin of pelletal lapilli in explosive kimberlite eruptions,2012,2012-02-06,10,,,,,PDF,ojshelp@ualberta.ca,10IKC-372_Gernon.pdf,
